timestamp;price;volume
"2010-07-12 17:00:00";0.06183332;75.42
"2010-07-19 17:00:00";0.07413588;262.35
"2010-07-26 17:00:00";0.06294483;3370.9
"2010-08-02 17:00:00";0.05998519;9856.36
"2010-08-09 17:00:00";0.06612978;1304.75
"2010-08-16 17:00:00";0.09426671;13207.49
"2010-08-23 17:00:00";0.06683719;6698.65
"2010-08-30 17:00:00";0.06609732;14874
"2010-09-06 17:00:00";0.06079001;3455.8
"2010-09-13 17:00:00";0.06105726;14066.33
"2010-09-20 17:00:00";0.0607776;5709.85
"2010-09-27 17:00:00";0.0609233;7092.92
"2010-10-04 17:00:00";0.06092591;27480.57
"2010-10-11 17:00:00";0.11766384;25735.4
"2010-10-18 17:00:00";0.1014436;6231.45
"2010-10-25 17:00:00";0.15366604;19246.49
"2010-11-01 17:00:00";0.19649184;5852.75
"2010-11-08 16:00:00";0.43840529;47863.28
"2010-11-15 16:00:00";0.28712962;34055.18
"2010-11-22 16:00:00";0.28757612;4859.68
"2010-11-29 16:00:00";0.25858757;21429.69
"2010-12-06 16:00:00";0.22759612;24663.86
"2010-12-13 16:00:00";0.2299656;10447.09
"2010-12-20 16:00:00";0.26518131;9250.15
"2010-12-27 16:00:00";0.27020572;15491.2
"2011-01-03 16:00:00";0.29722666;1883.39
"2011-01-10 16:00:00";0.32359144;4846.85
"2011-01-17 16:00:00";0.37911325;15632.46
"2011-01-24 16:00:00";0.42306448;2171.84
"2011-01-31 16:00:00";0.51766005;31609.8
"2011-02-07 16:00:00";0.90339333;7011.5
"2011-02-14 16:00:00";1.0783135;8605.7
"2011-02-21 16:00:00";0.91387312;12068.58
"2011-02-28 16:00:00";0.86738661;22603.14
"2011-03-07 16:00:00";0.88752454;4534.77
"2011-03-14 17:00:00";0.90648269;2733.6
"2011-03-21 17:00:00";0.77908522;12109.74
"2011-03-28 17:00:00";0.87510185;4216.13
"2011-04-04 17:00:00";0.71389595;9692.7
"2011-04-11 17:00:00";0.76724387;48342.58
"2011-04-18 17:00:00";1.13817646;12517.56
"2011-04-25 17:00:00";1.56645258;24017.59
"2011-05-02 17:00:00";3.57914073;16855.49
"2011-05-09 17:00:00";3.81913639;56284.6
"2011-05-16 17:00:00";8.34664659;35225.15
"2011-05-23 17:00:00";7.09763158;29287.71
"2011-05-30 17:00:00";8.6829238;45783.82
"2011-06-06 17:00:00";18.93026088;53771.31
"2011-06-13 17:00:00";20.96406209;36071.6
"2011-06-20 17:00:00";18.21207322;0
"2011-06-27 17:00:00";17.51040672;24341.77
"2011-07-04 17:00:00";14.05093583;83928.52
"2011-07-11 17:00:00";14.84693882;26322.67
"2011-07-18 17:00:00";13.62549498;67875.9
"2011-07-25 17:00:00";14.10890707;16850.64
"2011-08-01 17:00:00";13.31494136;57159.99
"2011-08-08 17:00:00";8.49011886;115129.97
"2011-08-15 17:00:00";11.18246422;15301.74
"2011-08-22 17:00:00";11.23728678;12850.1
"2011-08-29 17:00:00";9.45018704;11766.49
"2011-09-05 17:00:00";7.96668138;82514.98
"2011-09-12 17:00:00";6.62584687;23708.48
"2011-09-19 17:00:00";5.28873551;116850.77
"2011-09-26 17:00:00";5.14351989;24704.15
"2011-10-03 17:00:00";5.0634274;15790.66
"2011-10-10 17:00:00";4.16531928;41048.47
"2011-10-17 17:00:00";2.78230124;87998.67
"2011-10-24 17:00:00";3.26596142;101328.16
"2011-10-31 17:00:00";3.32319125;37989.77
"2011-11-07 16:00:00";3.01646983;60449.15
"2011-11-14 16:00:00";2.51920483;76466.82
"2011-11-21 16:00:00";2.35439103;34221.91
"2011-11-28 16:00:00";2.52508923;181458.89
"2011-12-05 16:00:00";2.94745311;55635.85
"2011-12-12 16:00:00";3.28709933;32652.12
"2011-12-19 16:00:00";3.48726247;185906.55
"2011-12-26 16:00:00";4.27891018;30238.79
"2012-01-02 16:00:00";5.21773083;125476.58
"2012-01-09 16:00:00";6.61694701;109937.09
"2012-01-16 16:00:00";6.86748509;213277.58
"2012-01-23 16:00:00";6.37509623;35687.55
"2012-01-30 16:00:00";5.56810465;48372.69
"2012-02-06 16:00:00";5.7423266;72691.62
"2012-02-13 16:00:00";5.50193855;297949.83
"2012-02-20 16:00:00";4.37256564;51759.37
"2012-02-27 16:00:00";5.0139021;62650.95
"2012-03-05 16:00:00";4.94256904;44431.47
"2012-03-12 17:00:00";4.91698404;127056.66
"2012-03-19 17:00:00";4.92404121;66147.62
"2012-03-26 17:00:00";4.68082521;73317.23
"2012-04-02 17:00:00";4.9726655;78812.71
"2012-04-09 17:00:00";4.85462023;53036.64
"2012-04-16 17:00:00";4.94838567;30685.31
"2012-04-23 17:00:00";5.15519805;70745.93
"2012-04-30 17:00:00";5.00571075;36491.21
"2012-05-07 17:00:00";5.07746405;68272.53
"2012-05-14 17:00:00";5.00885847;43987.05
"2012-05-21 17:00:00";5.14796075;46637.08
"2012-05-28 17:00:00";5.11508307;61321.29
"2012-06-04 17:00:00";5.25522581;83690.35
"2012-06-11 17:00:00";5.59508853;79122.24
"2012-06-18 17:00:00";6.49090894;43763.66
"2012-06-25 17:00:00";6.42975197;48731.55
"2012-07-02 17:00:00";6.74542891;71253.85
"2012-07-09 17:00:00";6.92528947;70148.37
"2012-07-16 17:00:00";7.97876906;211401.91
"2012-07-23 17:00:00";8.51950151;40883.86
"2012-07-30 17:00:00";9.04745137;70233.19
"2012-08-06 17:00:00";11.1687523;41691.02
"2012-08-13 17:00:00";11.92522642;44099.37
"2012-08-20 17:00:00";10.58162889;71764.31
"2012-08-27 17:00:00";10.99237785;54891.26
"2012-09-03 17:00:00";10.44719462;34885.32
"2012-09-10 17:00:00";11.13911578;65214.47
"2012-09-17 17:00:00";11.94777961;40924.86
"2012-09-24 17:00:00";12.26093285;21179.04
"2012-10-01 17:00:00";12.44183064;50956.87
"2012-10-08 17:00:00";11.89248142;46903.82
"2012-10-15 17:00:00";11.86789624;41250.23
"2012-10-22 17:00:00";11.72759691;54403.3
"2012-10-29 17:00:00";10.63109591;26051.73
"2012-11-05 16:00:00";10.77178712;26990.71
"2012-11-12 16:00:00";10.99609848;16674.09
"2012-11-19 16:00:00";11.81137081;27260.71
"2012-11-26 16:00:00";12.39032583;33252.57
"2012-12-03 16:00:00";12.6770481;63183.58
"2012-12-10 16:00:00";13.48827513;28034
"2012-12-17 16:00:00";13.37634561;23247.22
"2012-12-24 16:00:00";13.44967673;13206.95
"2012-12-31 16:00:00";13.55402337;28305.24
"2013-01-07 16:00:00";13.52709152;42802.24
"2013-01-14 16:00:00";14.31729599;51653.58
"2013-01-21 16:00:00";16.29381533;60934.22
"2013-01-28 16:00:00";18.55448493;86226.72
"2013-02-04 16:00:00";20.64699436;29060.19
"2013-02-11 16:00:00";24.54491244;74170.04
"2013-02-18 16:00:00";27.0188945;99782.98
"2013-02-25 16:00:00";30.37230069;42947.29
"2013-03-04 16:00:00";34.27958051;85765.94
"2013-03-11 17:00:00";47.80631348;183045.14
"2013-03-18 17:00:00";51.11806964;112206.01
"2013-03-25 17:00:00";73.19709763;56618.31
"2013-04-01 17:00:00";99.56835171;81672.99
"2013-04-08 17:00:00";182.57820022;105926.64
"2013-04-15 17:00:00";99.46441202;574486.28
"2013-04-22 17:00:00";123.51475653;116193.72
"2013-04-29 17:00:00";144;0
"2013-05-06 17:00:00";112.25;0
"2013-05-13 17:00:00";117.9800033569336;0
"2013-05-20 17:00:00";122.0199966430664;0
"2013-05-27 17:00:00";129.77000427246094;0
"2013-06-03 17:00:00";120.73699951171875;0
"2013-06-10 17:00:00";106.3499984741211;0
"2013-06-17 17:00:00";101.94999694824219;0
"2013-06-24 17:00:00";102.08999633789062;0
"2013-07-01 17:00:00";88.05000305175781;0
"2013-07-08 17:00:00";76;0
"2013-07-15 17:00:00";98.89029693603516;0
"2013-07-22 17:00:00";91.5999984741211;0
"2013-07-29 17:00:00";101.48899841308594;0
"2013-08-05 17:00:00";106.72000122070312;0
"2013-08-12 17:00:00";106.98999786376953;0
"2013-08-19 17:00:00";119;0
"2013-08-26 17:00:00";120.06999969482422;0
"2013-09-02 17:00:00";135.61000061035156;0
"2013-09-09 17:00:00";127.2699966430664;0
"2013-09-16 17:00:00";131.58999633789062;0
"2013-09-23 17:00:00";126.05000305175781;0
"2013-09-30 17:00:00";132.67999267578125;0
"2013-10-07 17:00:00";126.73999786376953;0
"2013-10-14 17:00:00";140.77000427246094;0
"2013-10-21 17:00:00";182.64999389648438;0
"2013-10-28 17:00:00";198.5500030517578;0
"2013-11-04 16:00:00";229.2100067138672;0
"2013-11-11 16:00:00";343.05999755859375;0
"2013-11-18 16:00:00";712.760009765625;0
"2013-11-25 16:00:00";805.72998046875;0
"2013-12-02 16:00:00";1046.4000244140625;0
"2013-12-09 16:00:00";892.3200073242188;0
"2013-12-16 16:00:00";706.3699951171875;0
"2013-12-23 16:00:00";672.3599853515625;0
"2013-12-30 16:00:00";760.3200073242188;20897300
"2014-01-06 16:00:00";946.489990234375;81311696
"2014-01-13 16:00:00";843.1699829101562;20829800
"2014-01-20 16:00:00";869.6500244140625;18997300
"2014-01-27 16:00:00";774.02001953125;44875500
"2014-02-03 16:00:00";823.77001953125;16609700
"2014-02-10 16:00:00";683.5;72745200
"2014-02-17 16:00:00";627.1599731445312;20015100
"2014-02-24 16:00:00";540.239990234375;126314000
"2014-03-03 16:00:00";668.239990234375;55344600
"2014-03-10 17:00:00";627.9500122070312;11732500
"2014-03-17 17:00:00";621.8380126953125;24011500
"2014-03-24 17:00:00";585.0260009765625;14020100
"2014-03-31 17:00:00";457;35685800
"2014-04-07 17:00:00";447.6130065917969;10921600
"2014-04-14 17:00:00";458.37298583984375;49561000
"2014-04-21 17:00:00";495.4549865722656;11670900
"2014-04-28 17:00:00";439.9830017089844;16401400
"2014-05-05 17:00:00";433.364013671875;12507300
"2014-05-12 17:00:00";441.531005859375;7682670
"2014-05-19 17:00:00";446.30499267578125;40327500
"2014-05-26 17:00:00";582.5880126953125;38032000
"2014-06-02 17:00:00";660.5499877929688;40653700
"2014-06-09 17:00:00";650.0419921875;17913400
"2014-06-16 17:00:00";591.5859985351562;18597300
"2014-06-23 17:00:00";593.969970703125;14144900
"2014-06-30 17:00:00";641.3909912109375;38446300
"2014-07-07 17:00:00";622.5700073242188;10005500
"2014-07-14 17:00:00";619.9959716796875;10873200
"2014-07-21 17:00:00";622.2730102539062;9602880
"2014-07-28 17:00:00";585.552001953125;11275400
"2014-08-04 17:00:00";589.010986328125;10790800
"2014-08-11 17:00:00";576.5120239257812;13978200
"2014-08-18 17:00:00";461.4800109863281;38422400
"2014-08-25 17:00:00";502.54400634765625;23235100
"2014-09-01 17:00:00";474.4750061035156;23337900
"2014-09-08 17:00:00";474.8800048828125;21447800
"2014-09-15 17:00:00";474.86199951171875;16797300
"2014-09-22 17:00:00";402.0920104980469;45099500
"2014-09-29 17:00:00";376.0880126953125;34707300
"2014-10-06 17:00:00";330.5840148925781;49199900
"2014-10-13 17:00:00";391.6919860839844;38491500
"2014-10-20 17:00:00";382.4209899902344;14188900
"2014-10-27 17:00:00";353.2149963378906;7845880
"2014-11-03 16:00:00";327.1610107421875;15655500
"2014-11-10 16:00:00";365.85699462890625;15838900
"2014-11-17 16:00:00";387.7850036621094;32222500
"2014-11-24 16:00:00";376.885986328125;25442200
"2014-12-01 16:00:00";379.25;12364100
"2014-12-08 16:00:00";361.8949890136719;32915500
"2014-12-15 16:00:00";345.6730041503906;30864900
"2014-12-22 16:00:00";332.0169982910156;16574200
"2014-12-29 16:00:00";312.718994140625;12528300
"2015-01-05 16:00:00";274.6109924316406;23245700
"2015-01-12 16:00:00";267.3940124511719;72843904
"2015-01-19 16:00:00";212.90699768066406;24051100
"2015-01-26 16:00:00";273.1669921875;44399000
"2015-02-02 16:00:00";237.45399475097656;40783700
"2015-02-09 16:00:00";220.28199768066406;21115100
"2015-02-16 16:00:00";233.4219970703125;27363100
"2015-02-23 16:00:00";238.9980010986328;14200400
"2015-03-02 16:00:00";275.0459899902344;50461300
"2015-03-09 17:00:00";289.86199951171875;67770800
"2015-03-16 17:00:00";290.5950012207031;21497200
"2015-03-23 17:00:00";266.5769958496094;40073700
"2015-03-30 17:00:00";247.45399475097656;22672000
"2015-04-06 17:00:00";255.2740020751953;18467400
"2015-04-13 17:00:00";224.75900268554688;31719000
"2015-04-20 17:00:00";224.6199951171875;24978000
"2015-04-27 17:00:00";228.968994140625;21469200
"2015-05-04 17:00:00";238.8520050048828;23929100
"2015-05-11 17:00:00";242.14500427246094;19282600
"2015-05-18 17:00:00";233.03700256347656;14241900
"2015-05-25 17:00:00";237.10400390625;16425000
"2015-06-01 17:00:00";222.8939971923828;20459000
"2015-06-08 17:00:00";228.53799438476562;28353100
"2015-06-15 17:00:00";236.76499938964844;41612000
"2015-06-22 17:00:00";246.927001953125;15108700
"2015-06-29 17:00:00";257.0360107421875;44533800
"2015-07-06 17:00:00";269.9630126953125;28857600
"2015-07-13 17:00:00";292.03399658203125;28727200
"2015-07-20 17:00:00";278.8819885253906;22930700
"2015-07-27 17:00:00";293.63299560546875;25453600
"2015-08-03 17:00:00";281.2250061035156;21908700
"2015-08-10 17:00:00";264.3420104980469;25433900
"2015-08-17 17:00:00";257.9259948730469;42147200
"2015-08-24 17:00:00";210.0679931640625;61089200
"2015-08-31 17:00:00";230.25599670410156;20575200
"2015-09-07 17:00:00";239.8459930419922;26879200
"2015-09-14 17:00:00";230.49200439453125;19177800
"2015-09-21 17:00:00";226.968994140625;25009300
"2015-09-28 17:00:00";239.01600646972656;22691300
"2015-10-05 17:00:00";240.36399841308594;27535100
"2015-10-12 17:00:00";245.1999969482422;28198500
"2015-10-19 17:00:00";263.5719909667969;30889800
"2015-10-26 17:00:00";285.1809997558594;46331800
"2015-11-02 16:00:00";361.87298583984375;206162000
"2015-11-09 16:00:00";379.9840087890625;95797904
"2015-11-16 16:00:00";330.36199951171875;51001600
"2015-11-23 16:00:00";323.0140075683594;29362600
"2015-11-30 16:00:00";377.41400146484375;60452200
"2015-12-07 16:00:00";395.7539978027344;57801400
"2015-12-14 16:00:00";443.87799072265625;83121104
"2015-12-21 16:00:00";437.4360046386719;50840400
"2015-12-28 16:00:00";422.0979919433594;51596500
"2016-01-04 16:00:00";433.0690002441406;34522600
"2016-01-11 16:00:00";448.1820068359375;115607000
"2016-01-18 16:00:00";387.0260009765625;46819800
"2016-01-25 16:00:00";392.00201416015625;58147000
"2016-02-01 16:00:00";372.9200134277344;40378700
"2016-02-08 16:00:00";373.4230041503906;55318500
"2016-02-15 16:00:00";401.4320068359375;73093104
"2016-02-22 16:00:00";438.2550048828125;85244896
"2016-02-29 16:00:00";437.9169921875;74895800
"2016-03-07 16:00:00";414.4649963378906;70311696
"2016-03-14 17:00:00";416.38800048828125;66781700
"2016-03-21 17:00:00";413.1319885253906;66813300
"2016-03-28 17:00:00";424.3039855957031;75411504
"2016-04-04 17:00:00";421.0169982910156;60718000
"2016-04-11 17:00:00";422.8429870605469;70728800
"2016-04-18 17:00:00";428.7030029296875;52810500
"2016-04-25 17:00:00";461.64801025390625;78971904
"2016-05-02 17:00:00";444.72698974609375;59366400
"2016-05-09 17:00:00";460.51800537109375;58956100
"2016-05-16 17:00:00";454.0090026855469;64100300
"2016-05-23 17:00:00";444.2909851074219;65783100
"2016-05-30 17:00:00";534.1909790039062;138450000
"2016-06-06 17:00:00";585.4450073242188;107770000
"2016-06-13 17:00:00";704.5040283203125;186694000
"2016-06-20 17:00:00";735.8829956054688;309944000
"2016-06-27 17:00:00";658.1019897460938;138384992
"2016-07-04 17:00:00";683.208984375;130476000
"2016-07-11 17:00:00";648.2830200195312;138172992
"2016-07-18 17:00:00";672.7379760742188;61203300
"2016-07-25 17:00:00";654.2260131835938;225135008
"2016-08-01 17:00:00";606.39697265625;330932992
"2016-08-08 17:00:00";591.0380249023438;92228096
"2016-08-15 17:00:00";567.2429809570312;58405200
"2016-08-22 17:00:00";586.77099609375;85349200
"2016-08-29 17:00:00";574.114013671875;70342400
"2016-09-05 17:00:00";606.5059814453125;78529104
"2016-09-12 17:00:00";608.0250244140625;86920600
"2016-09-19 17:00:00";609.2540283203125;72710896
"2016-09-26 17:00:00";608.02197265625;49422400
"2016-10-03 17:00:00";612.052001953125;49801600
"2016-10-10 17:00:00";619.2379760742188;103590000
"2016-10-17 17:00:00";639.4110107421875;65546700
"2016-10-24 17:00:00";654.0020141601562;90378800
"2016-10-31 17:00:00";701.3369750976562;130527000
"2016-11-07 16:00:00";703.0889892578125;79660800
"2016-11-14 16:00:00";705.7940063476562;72038496
"2016-11-21 16:00:00";739.6430053710938;129906000
"2016-11-28 16:00:00";736.3289794921875;68511104
"2016-12-05 16:00:00";758.719970703125;116218000
"2016-12-12 16:00:00";780.64697265625;81645600
"2016-12-19 16:00:00";792.2470092773438;99629296
"2016-12-26 16:00:00";908.35400390625;167308000
"2017-01-02 16:00:00";1021.5999755859375;185168000
"2017-01-09 16:00:00";902.4400024414062;115808000
"2017-01-16 16:00:00";830.9459838867188;155095008
"2017-01-23 16:00:00";910.677001953125;111349000
"2017-01-30 16:00:00";920.958984375;164582000
"2017-02-06 16:00:00";1040.1400146484375;146007008
"2017-02-13 16:00:00";991.7349853515625;137946000
"2017-02-20 16:00:00";1079.280029296875;186868992
"2017-02-27 16:00:00";1180.719970703125;184956000
"2017-03-06 16:00:00";1273.2099609375;291256000
"2017-03-13 17:00:00";1232.1600341796875;245306000
"2017-03-20 17:00:00";1055.3599853515625;337391008
"2017-03-27 17:00:00";1044.5799560546875;326332000
"2017-04-03 17:00:00";1145.52001953125;436310016
"2017-04-10 17:00:00";1187.4599609375;216182000
"2017-04-17 17:00:00";1193.77001953125;270524000
"2017-04-24 17:00:00";1250.449951171875;242556000
"2017-05-01 17:00:00";1421.030029296875;477337984
"2017-05-08 17:00:00";1723.8900146484375;1167920000
"2017-05-15 17:00:00";1741.699951171875;959044992
"2017-05-22 17:00:00";2191.56005859375;1378749952
"2017-05-29 17:00:00";2255.360107421875;1443970048
"2017-06-05 17:00:00";2690.840087890625;2089609984
"2017-06-12 17:00:00";2680.909912109375;1781200000
"2017-06-19 17:00:00";2591.260009765625;1854189952
"2017-06-26 17:00:00";2478.449951171875;1489789952
"2017-07-03 17:00:00";2561;985516032
"2017-07-10 17:00:00";2385.889892578125;1329760000
"2017-07-17 17:00:00";2233.52001953125;1512450048
"2017-07-24 17:00:00";2757.5;1460089984
"2017-07-31 17:00:00";2871.300048828125;1324669952
"2017-08-07 17:00:00";3370.219970703125;1752760064
"2017-08-14 17:00:00";4326.990234375;3258050048
"2017-08-21 17:00:00";3998.35009765625;3764239872
"2017-08-28 17:00:00";4389.2099609375;2486080000
"2017-09-04 17:00:00";4228.2900390625;2697969920
"2017-09-11 17:00:00";4168.8798828125;1864530048
"2017-09-18 17:00:00";4073.7900390625;1563980032
"2017-09-25 17:00:00";3928.409912109375;1043740032
"2017-10-02 17:00:00";4408.4599609375;1288019968
"2017-10-09 17:00:00";4776.2099609375;1597139968
"2017-10-16 17:00:00";5741.580078125;1821570048
"2017-10-23 17:00:00";5935.52001953125;2735699968
"2017-10-30 17:00:00";6132.02001953125;2311379968
"2017-11-06 16:00:00";7023.10009765625;2326340096
"2017-11-13 16:00:00";6561.47998046875;3197110016
"2017-11-20 16:00:00";8205.740234375;4277609984
"2017-11-27 16:00:00";9823.4296875;6348819968
"2017-12-04 16:00:00";11685.7001953125;6895260160
"2017-12-11 16:00:00";16919.80078125;14603799552
"2017-12-18 16:00:00";19118.30078125;16894499840
"2017-12-25 16:00:00";14036.599609375;13454300160
"2018-01-01 16:00:00";13625;16846600192
"2018-01-08 16:00:00";15123.7001953125;16659999744
"2018-01-15 16:00:00";13836.099609375;18853799936
"2018-01-22 16:00:00";10944.5;9660609536
"2018-01-29 16:00:00";11306.7998046875;8637859840
"2018-02-05 16:00:00";7051.75;13999800320
"2018-02-12 16:00:00";8926.7197265625;5696719872
"2018-02-19 16:00:00";11231.7998046875;9926540288
"2018-02-26 16:00:00";10393.900390625;6966179840
"2018-03-05 16:00:00";11500.099609375;6832169984
"2018-03-12 17:00:00";9173.0400390625;5991139840
"2018-03-19 17:00:00";8619.669921875;6361789952
"2018-03-26 17:00:00";8200;5378250240
"2018-04-02 17:00:00";7102.259765625;5499700224
"2018-04-09 17:00:00";6795.43994140625;4272750080
"2018-04-16 17:00:00";8071.66015625;6900879872
"2018-04-23 17:00:00";8934.33984375;10678800384
"2018-04-30 17:00:00";9251.4697265625;7713019904
"2018-05-07 17:00:00";9380.8701171875;7415869952
"2018-05-14 17:00:00";8705.1904296875;6705710080
"2018-05-21 17:00:00";8419.8701171875;5137010176
"2018-05-28 17:00:00";7129.4599609375;5662660096
"2018-06-04 17:00:00";7500.89990234375;4961739776
"2018-06-11 17:00:00";6905.81982421875;4654380032
"2018-06-18 17:00:00";6742.39013671875;4057029888
"2018-06-25 17:00:00";6253.5498046875;3279759872
"2018-07-02 17:00:00";6596.66015625;4672309760
"2018-07-09 17:00:00";6739.2099609375;4052430080
"2018-07-16 17:00:00";6739.64990234375;5961950208
"2018-07-23 17:00:00";7716.509765625;7277689856
"2018-07-30 17:00:00";8181.2;5287530000
"2018-08-06 17:00:00";6958.32;4682800000
"2018-08-13 17:00:00";6287.66;5301700000
"2018-08-20 17:00:00";6301.07;3377180000
"2018-08-27 17:00:00";6891.08;4659940000
"2018-09-03 17:00:00";7263;4273640000
"2018-09-10 17:00:00";6331.88;3849910000
"2018-09-17 17:00:00";6280.91;4180090000
"2018-09-24 17:00:00";6603.64;4726180000
"2018-10-01 17:00:00";6593.24;3979260000
"2018-10-08 17:00:00";6653.08;3580810000
"2018-10-15 17:00:00";6601.41;4074800000
"2018-10-22 17:00:00";6472.36;3716150000
"2018-10-29 17:00:00";6337.04;3781100000
"2018-11-05 16:00:00";6433.38;4700040000
"2018-11-12 16:00:00";6373.19;4503800000
"2018-11-19 16:00:00";4863.93;8428290000
"2018-11-26 16:00:00";3765.95;5998720000
"2018-12-03 16:00:00";3886.2948763;5028069239.31
"2018-12-10 16:00:00";3497.5547337;4696765187.88
"2018-12-17 16:00:00";3544.76156472;5911325472.51
"2018-12-24 16:00:00";4081.03047102;6158207293.44
"2018-12-31 16:00:00";3746.71338747;4324200990.19
"2019-01-07 16:00:00";4028.47207166;5306593305.07
"2019-01-14 16:00:00";3704.21630768;5537192301.96
"2019-01-21 16:00:00";3575.08123989;5313623556.01
"2019-01-28 16:00:00";3468.87015541;5897159492.97
"2019-02-04 16:00:00";3454.9508136;5227549544.89
"2019-02-11 16:00:00";3642.75185939;6480384531.73
"2019-02-18 16:00:00";3911.66152075;9933626654.82
"2019-02-25 16:00:00";3878.6973183;7931218996.38
"2019-03-04 16:00:00";3759.83244114;10174126414.53
"2019-03-11 17:00:00";3903.75829416;9809887079.44
"2019-03-18 17:00:00";4032.69200717;9344919956.27
"2019-03-25 17:00:00";3969.22885592;10707678814.87
"2019-04-01 17:00:00";4156.91964324;21315047816.2
"2019-04-08 17:00:00";5289.91798137;14722104361.4
"2019-04-15 17:00:00";5066.57760057;11618660197.33
"2019-04-22 17:00:00";5399.36570489;15867308107.98
"2019-04-29 17:00:00";5247.72588172;13878964573.8
"2019-05-06 17:00:00";5745.59904909;18026409032.59
"2019-05-13 17:00:00";7807.88444936;32031452226.82
"2019-05-20 17:00:00";7977.96936984;25127245056.4
"2019-05-27 17:00:00";8802.75819975;24226919266.66
"2019-06-03 17:00:00";8210.98582388;24609731548.79
"2019-06-10 17:00:00";8004.24354228;17107279931.99
"2019-06-17 17:00:00";9335.46690152;15848210535.5
"2019-06-24 17:00:00";11007.2020736;24879684533.05
"2019-07-01 17:00:00";10588.6836947;31015895222.96
"2019-07-08 17:00:00";12284.3264649;28167921522.62
"2019-07-15 17:00:00";10896.6533265;24151199069.75
"2019-07-22 17:00:00";10346.7477047;17851916994.61
"2019-07-29 17:00:00";9522.32895542;13829811132.08
"2019-08-05 17:00:00";11811.5450274;23635107659.81
"2019-08-12 17:00:00";11385.0524972;16681503536.97
"2019-08-19 17:00:00";10916.3467171;15053082175.36
"2019-08-26 17:00:00";10372.8263035;14762609502.77
"2019-09-02 17:00:00";10345.7251399;19384917988.71
"2019-09-09 17:00:00";10336.4084054;14906809639.11
"2019-09-16 17:00:00";10281.5133161;15304603363.06
"2019-09-23 17:00:00";9729.32139737;25002886688.93
"2019-09-30 17:00:00";8299.72110496;15305343412.83
"2019-10-07 17:00:00";8246.84962925;15592264032.12
"2019-10-14 17:00:00";8373.45825537;15220412631.58
"2019-10-21 17:00:00";8243.40209165;16803377856.54
"2019-10-28 17:00:00";9248.4405622;28426779937.41
"2019-11-04 16:00:00";9413.00494286;26198609047.84
"2019-11-11 16:00:00";8759.75190096;20309769107.26
"2019-11-18 16:00:00";8305.13429095;21083613815.95
"2019-11-25 16:00:00";7145.1590862;21129505542.49
"2019-12-02 16:00:00";7323.97540332;14797485769.1
"2019-12-09 16:00:00";7397.13422776;18249031194.89
"2019-12-16 16:00:00";6931.31521843;22363804217.34
"2019-12-23 16:00:00";7354.39283808;22991622105.41
"2019-12-30 16:00:00";7294.4388956;21167946112.3
"2020-01-06 16:00:00";7768.68189098;28767291326.97
"2020-01-13 16:00:00";8140.93309605;44841784107.18
"2020-01-20 16:00:00";8658.99118302;24097418512.01
"2020-01-27 16:00:00";8912.52433979;34398744402.69
"2020-02-03 16:00:00";9292.84190002;29893183716.09
"2020-02-10 16:00:00";9855.89170857;37648059388.69
"2020-02-17 16:00:00";9691.23094489;47271023953.43
"2020-02-24 16:00:00";9651.31279866;42515259129.21
"2020-03-02 16:00:00";8865.38796487;42386715820.56
"2020-03-09 17:00:00";7922.1470416;42213940993.61
"2020-03-16 17:00:00";5002.5781383;38622642935.25
"2020-03-23 17:00:00";6436.64245088;48221910672.25
"2020-03-30 17:00:00";6430.60652809;32786468812.08
"2020-04-06 17:00:00";7273.64421075;44243482667.85
"2020-04-13 17:00:00";6843.28177662;34110434051.86
"2020-04-20 17:00:00";6879.78434985;32589741510.73
"2020-04-27 17:00:00";7796.97044056;33187959920.92
"2020-05-04 17:00:00";8912.8321603;43148462663.17
"2020-05-11 17:00:00";8610.38621232;42142717533.17
"2020-05-18 17:00:00";9727.06360375;39254288954.98
"2020-05-25 17:00:00";8909.58607327;29584186947.02
"2020-06-01 17:00:00";10162.9731448;39137252108.67
"2020-06-08 17:00:00";9774.35993635;23717842782.98
"2020-06-15 17:00:00";9454.26643056;21565537208.86
"2020-06-22 17:00:00";9644.07594221;17006433272.04
"2020-06-29 17:00:00";9185.58126105;15735797743.99
"2020-07-06 17:00:00";9349.16137441;13839652594.65
"2020-07-13 17:00:00";9238.7032275;18085038362.45
"2020-07-20 17:00:00";9162.51448207;18069581955.55
"2020-07-27 17:00:00";11017.4638476;28766551141.78
"2020-08-03 17:00:00";11246.2032469;21250197042.2
"2020-08-10 17:00:00";11881.64754;27039782639.91
"2020-08-17 17:00:00";12251.8959698;26043227671.88
"2020-08-24 17:00:00";11773.58935;26301509931.93
"2020-08-31 17:00:00";11679.3166637;27311555343.11
"2020-09-07 17:00:00";10369.3069685;33430927462.23
"2020-09-14 17:00:00";10677.7548513;32509451925.05
"2020-09-21 17:00:00";10459.6245084;23621787803.58
"2020-09-28 17:00:00";10709.65002191;46582396602.08
"2020-10-05 17:00:00";10796.30685484;42623695307.43
"2020-10-12 17:00:00";11548.71975926;24241420250.86
"2020-10-19 17:00:00";11745.97493298;30915821592.1
"2020-10-26 17:00:00";13075.24249433;33749878155.99
"2020-11-02 16:00:00";13550.450882;29869951617.25
"2020-11-09 16:00:00";15332.350373;25574938143.15
"2020-11-16 16:00:00";16685.69093058;39006849169.81
"2020-11-23 16:00:00";18365.01468531;51469565008.67
"2020-11-30 16:00:00";19633.77044727;49633658712.12
"2020-12-07 16:00:00";19191.52946283;31692288756.38
"2020-12-14 16:00:00";19246.91998427;26741982541.5
"2020-12-21 16:00:00";22794.03960022;44171632680.6
"2020-12-28 16:00:00";27081.80972919;45265946774.4
"2021-01-04 16:00:00";31977.04113228;67547324781.68
"2021-01-11 16:00:00";35516.36114084;74773277909.46
"2021-01-18 16:00:00";36642.23272357;57244195485.5
"2021-01-25 16:00:00";32358.6131737;60255421470.41
"2021-02-01 16:00:00";33533.20067102;63088585433.12
"2021-02-08 16:00:00";46184.99146609;91809846885.69
"2021-02-15 16:00:00";47944.45800728;77049582885.51
"2021-02-22 16:00:00";54204.92975578;106102492824.11
"2021-03-01 16:00:00";49612.10703748;47530897720.12
"2021-03-08 16:00:00";52272.96978194;50912227384.88
"2021-03-15 17:00:00";55840.78651437;59749798598.67
"2021-03-22 17:00:00";54511.66203198;56435023913.75
"2021-03-29 17:00:00";57750.13284273;54414116432.02
"2021-04-05 17:00:00";59171.93202224;66058027987.88
"2021-04-12 17:00:00";59890.01779033;69983454361.84
"2021-04-19 17:00:00";55681.79251074;67849323955.2
"2021-04-26 17:00:00";54030.30371848;49448222756.59
"2021-05-03 17:00:00";57214.17876121;68564706967.26
"2021-05-10 17:00:00";55847.24104211;61308396325.32
"2021-05-17 17:00:00";43488.05798819;56187365083.94
"2021-05-24 17:00:00";38795.7802497;56211915803.14
"2021-05-31 17:00:00";37293.79237447;34639423297.36
"2021-06-07 17:00:00";33589.52085635;49902050441.89
"2021-06-14 17:00:00";40427.16992116;46420149185.33
"2021-06-21 17:00:00";31622.37708528;58964353058.3
"2021-06-28 17:00:00";34475.55969665;37901460044.3
"2021-07-05 17:00:00";33723.50965515;26501259869.76
"2021-07-12 17:00:00";33125.46869395;19120856668.82
"2021-07-19 17:00:00";30838.28525375;23148267244.64
"2021-07-26 17:00:00";37276.03602972;35097370560.07
"2021-08-02 17:00:00";39178.40356586;26189830449.73
"2021-08-09 17:00:00";46280.84767425;33546019517.4
"2021-08-16 17:00:00";45936.45633673;33451362599.74
"2021-08-23 17:00:00";49562.34672915;35361168833.64
"2021-08-30 17:00:00";47024.34166315;34730363427.12
"2021-09-06 17:00:00";52660.47935083;65210059683.34
"2021-09-13 17:00:00";44960.04935902961;38652152880.49
"2021-09-20 17:00:00";43012.2344357601;48701090087.97
"2021-09-27 17:00:00";42200.89661383886;30214940550.45
"2021-10-04 17:00:00";49174.959615548825;35873904236.33
"2021-10-11 17:00:00";57526.83201141932;41083758949.31
"2021-10-18 17:00:00";62043.16583539526;40471196345.95
"2021-10-25 17:00:00";63032.76251241394;34878965587.2
"2021-11-01 17:00:00";60963.2541524674;37746665647.11
"2021-11-08 16:00:00";67549.73558078487;42357991721.09
"2021-11-15 16:00:00";63721.195194032895;46844335591.65
"2021-11-22 16:00:00";56304.55538766307;37485803898.95
"2021-11-29 16:00:00";57830.11381927063;36708594617.63
"2021-12-06 16:00:00";50581.83004951807;33676814851.61
"2021-12-13 16:00:00";46709.8224590995;34638619079.14
"2021-12-20 16:00:00";46886.077457385276;27055803927.85
"2021-12-27 16:00:00";50679.85937702978;33430376883.39
"2022-01-03 16:00:00";46458.85144441394;42494677904.76
"2022-01-10 16:00:00";41819.506970621274;26327648900.42
"2022-01-17 16:00:00";42250.07314461258;22417209226.95
"2022-01-24 16:00:00";36654.80592442568;26428189593.82
"2022-01-31 16:00:00";38481.765368511944;20288500327.54
"2022-02-07 16:00:00";43854.6536157814;33079398868.46
"2022-02-14 16:00:00";42586.464611620926;22721659050.67
"2022-02-21 16:00:00";37068.771436199466;25493150449.85
"2022-02-28 16:00:00";43194.504211304244;32479047644.8
"2022-03-07 16:00:00";38059.904292538864;25776583476.27
"2022-03-14 17:00:00";39664.25002606368;23934000867.75
"2022-03-21 17:00:00";41074.10451849765;32004652375.66
"2022-03-28 17:00:00";47100.43859807688;31397059068.97
"2022-04-04 17:00:00";46624.50707545264;29640604054.7
"2022-04-11 17:00:00";39533.71330624112;30991500853.81
"2022-04-18 17:00:00";40828.174203435905;25303206546.84
"2022-04-25 17:00:00";40448.42267445845;34569088415.86
"2022-05-02 17:00:00";38528.110038067374;27326943244.26
"2022-05-09 17:00:00";30273.65421884102;59811038817.27
"2022-05-16 17:00:00";29862.408192941577;29101473475.43
"2022-05-23 17:00:00";29101.125294324578;26616506244.9
"2022-05-30 17:00:00";31723.865101541804;33538210634.3
"2022-06-06 17:00:00";31371.741259994265;40770974039.33
"2022-06-13 17:00:00";22487.98717509208;50913575242.48
"2022-06-20 17:00:00";20594.29483720139;28970212744.12
"2022-06-27 17:00:00";20731.544346385122;21381535160.78
"2022-07-04 17:00:00";20225.353436423593;26715546990.31
"2022-07-11 17:00:00";19970.475022939816;25810220017.7
"2022-07-18 17:00:00";22467.85009614443;48765202697.15
"2022-07-25 17:00:00";21361.12187130348;28624673855.33
"2022-08-01 17:00:00";23308.43417279304;28389250717.43
"2022-08-08 17:00:00";23811.483521591905;23555719218.86
"2022-08-15 17:00:00";24126.136482577618;27753685645.65
"2022-08-22 17:00:00";21401.045669959727;31878280659.1
"2022-08-29 17:00:00";20298.61208082999;34483360282.77
"2022-09-05 17:00:00";19817.724065572373;43403978910.41
"2022-09-12 17:00:00";22371.48063978407;51091116621.52
"2022-09-19 17:00:00";19545.591275415263;36791346508.26
"2022-09-26 17:00:00";19221.84071275122;58571439618.96
"2022-10-03 17:00:00";19623.584689448744;35887278684.83
"2022-10-10 17:00:00";19138.999877483147;28711532910.3
"2022-10-17 17:00:00";19550.466742932043;30580012344.21
"2022-10-24 17:00:00";19344.96442021395;47761524909.94
"2022-10-31 17:00:00";20494.897622939236;39819303159.15
"2022-11-07 16:00:00";20600.67274715879;118992465606.57
"2022-11-14 16:00:00";16617.484737989726;36599436182.62
"2022-11-21 16:00:00";15782.301230536288;30726828760.3
"2022-11-28 16:00:00";16217.639903770933;23581685467.5
"2022-12-05 16:00:00";16975.23912418603;19889922369.03
"2022-12-12 16:00:00";17206.440483921902;26634741631.05
"2022-12-19 16:00:00";16441.786800099886;22722096614.76
"2022-12-26 16:00:00";16919.291650123574;15748580239.21
"2023-01-02 16:00:00";16688.84726385924;13903079206.51
"2023-01-09 16:00:00";17192.95009444573;15808338948.79
"2023-01-16 16:00:00";21175.83326020336;24999983362.13
"2023-01-23 16:00:00";22929.627735671096;26405069714.63
"2023-01-30 16:00:00";22840.796090600143;22837828665.18
"2023-02-06 16:00:00";22757.26754187948;27187964470.79
"2023-02-13 16:00:00";21801.823146444163;26792596580.6
"2023-02-20 16:00:00";24833.048914297397;31252098713.68
"2023-02-27 16:00:00";23521.838822394886;20535363433.98
"2023-03-06 16:00:00";22428.32238968881;22765452203.97
"2023-03-13 17:00:00";24201.76600614591;54622230163.97
"2023-03-20 17:00:00";27768.39203181537;36102192830.48
"2023-03-27 17:00:00";27132.888921445134;17783600384.84
"2023-04-03 17:00:00";27795.274323998936;15284538858.55
"2023-04-10 17:00:00";29653.679647445995;20121259843.07
"2023-04-17 17:00:00";29449.0917046267;19480529496.02
"2023-04-24 17:00:00";27514.87239121884;17733373139.17
"2023-05-01 17:00:00";28087.17496979201;16432924526.63
"2023-05-08 17:00:00";27695.068069254914;14128593255.78
"2023-05-15 17:00:00";27171.514579396786;12732238815.9
"2023-05-22 17:00:00";26855.960682040175;13697203142.64
"2023-05-29 17:00:00";27745.123603261192;13251081851.39
"2023-06-05 17:00:00";25732.108862845296;21929670692.82
"2023-06-12 17:00:00";25902.940909862198;14143474486.27
"2023-06-19 17:00:00";26841.663530099617;22211859146.73
"2023-06-26 17:00:00";30274.321187966107;16428827943.78
"2023-07-03 17:00:00";31156.864921655437;12810828427.35
"2023-07-10 17:00:00";30417.63362402037;12151839151.9
"2023-07-17 17:00:00";30147.070861420925;13138897269.16
"2023-07-24 17:00:00";29178.970044592083;10266772792.7
"2023-07-31 17:00:00";29230.872404990292;18272392391.28
"2023-08-07 17:00:00";29180.01886208521;17570561357.26
"2023-08-14 17:00:00";29408.048589906968;12640195779.03
"2023-08-21 17:00:00";26130.748016041613;14503820706.42
"2023-08-28 17:00:00";26102.485832002574;29368391711.99
"2023-09-04 17:00:00";25814.95780798914;11094740039.8
"2023-09-11 17:00:00";25160.657925189484;18657279324.05
"2023-09-18 17:00:00";26760.851005767232;13807690550.44
"2023-09-25 17:00:00";26294.75867274134;9985498161.06
"2023-10-02 17:00:00";27508.251818807486;11407814186.59
"2023-10-09 17:00:00";27589.20110159883;9973350678.17
"2023-10-16 17:00:00";28522.09816591931;14872527507.52
"2023-10-23 17:00:00";33077.3039477251;44934999644.84
"2023-10-30 17:00:00";34500.077738404965;15758270810.39
"2023-11-06 16:00:00";35047.79363303743;18834737788.75
"2023-11-13 16:00:00";36491.78757755401;23857403554.48
"2023-11-20 16:00:00";37469.159707143444;25172163755.87
"2023-11-27 16:00:00";37247.991174823546;21696137014.15
"2023-12-04 16:00:00";41986.264347015014;36312154534.7
"2023-12-11 16:00:00";41238.73338997509;24779520131.83
"2023-12-18 16:00:00";42641.510213260655;23171001281
"2023-12-25 16:00:00";43599.847590419355;30026850981.84
"2024-01-01 16:00:00";44187.13903948764;39335274535.93
"2024-01-08 16:00:00";46987.63874100883;39821290991.56
"2024-01-15 16:00:00";42499.337536169114;24062872739.52
"2024-01-22 16:00:00";39518.715452676064;29244553045.3
"2024-01-29 16:00:00";43300.22809350412;23842814517.72
"2024-02-05 16:00:00";42657.39107387418;16798476725.59
"2024-02-12 16:00:00";49941.361161847526;35593051468.37
"2024-02-19 16:00:00";51777.728511209716;33353758255.74
"2024-02-26 16:00:00";54519.3620670787;49756832031.01
"2024-03-04 16:00:00";68341.05778181224;102802940877.32
"2024-03-11 17:00:00";72125.12162670451;62554434520.34
"2024-03-18 17:00:00";67556.13115580649;74215844794.11
"2024-03-25 17:00:00";69931.326350589;36010437368.41
"2024-04-01 17:00:00";69705.02432247385;50705240709.24
"2024-04-08 17:00:00";71632.50266223135;36426900409.13
"2024-04-15 17:00:00";63419.29848794903;42847528078.04
"2024-04-22 17:00:00";66839.89451188289;24310975583.48
"2024-04-29 17:00:00";63839.41986591798;37840840057.21
"2024-05-06 17:00:00";63162.76339886452;25930730981.56
"2024-05-13 17:00:00";62900.774007267304;28186271527.17
"2024-05-20 17:00:00";71443.06344072857;46932005990.29
"2024-05-27 17:00:00";69392.19676704348;32722265965.17
"2024-06-03 17:00:00";68804.5672232513;33149696544.76
"2024-06-10 17:00:00";69508.07972608221;37116136345.4
"2024-06-17 17:00:00";66490.97700800239;39481285949.68
"2024-06-24 17:00:00";60266.28306634738;29201215430.56
"2024-07-01 17:00:00";62844.41155408985;20151616991.74
"2024-07-08 17:00:00";56704.596935641515;27849512607.28
"2024-07-15 17:00:00";64784.418842829175;41617346767.84
"2024-07-22 17:00:00";67584.80435452731;35605668665.85
"2024-07-29 17:00:00";66819.05265758414;31380492109.35
"2024-08-05 17:00:00";53991.3475883934;49300484106.29
"2024-08-12 17:00:00";59356.20778439832;30327698167.09
"2024-08-19 17:00:00";59493.451967522735;31613400007.92
"2024-08-26 17:00:00";62879.70840215829;39103882197.72
"2024-09-02 17:00:00";59106.1912871102;26666961052.67
"2024-09-09 17:00:00";57020.09841457318;28857630506.88
"2024-09-16 17:00:00";58192.509343855716;38075570117.66
"2024-09-23 17:00:00";63326.84125114562;29938335243.03
"2024-09-30 17:00:00";63335.60358371904;50220923499.58
"2024-10-07 17:00:00";62221.64514873764;28134475156.91
"2024-10-14 17:00:00";66050.36872702917;48863870878.62
"2024-10-21 17:00:00";67360.70272554606;31808472565.82
"2024-10-28 17:00:00";69910.04536594635;58541874401.85
"2024-11-04 16:00:00";67811.17433259141;46046889204.13
"2024-11-11 16:00:00";88705.56448656591;133673285374.5
"2024-11-18 16:00:00";90536.81152645548;74521048294.81
"2024-11-25 16:00:00";93087.27999159305;91656519855.42
"2024-12-02 16:00:00";95854.59743429389;67067810961.23
"2024-12-09 16:00:00";97441.23446645589;104823780633.61
"2024-12-16 16:00:00";106030.69058245214;68589364867.85
"2024-12-23 16:00:00";94684.34755333756;47114953674.13
"2024-12-30 16:00:00";92643.25122168798;43625106842.87
"2025-01-06 16:00:00";102248.85254818317;58685738546.55
"2025-01-13 16:00:00";94519.00714149787;53769675817.65
"2025-01-20 16:00:00";102052.5752511938;88733878242.01
"2025-01-27 16:00:00";102095.41758297598;47180685494
"2025-02-03 16:00:00";101398.71704028598;73002130210.71
"2025-02-10 16:00:00";97438.13120832655;37488783271.89
"2025-02-17 16:00:00";95773.81624283813;37325720482.36
"2025-02-24 16:00:00";91437.11400510589;92139104127.7
"2025-03-03 16:00:00";86064.06665899591;68095241474.12
"2025-03-10 17:00:00";78523.87154381181;54702837195.93
"2025-03-17 17:00:00";84075.7156723962;24095774593.8
"2025-03-24 17:00:00";87512.81944072593;30005840048.56
"2025-03-31 17:00:00";82551.91872925474;28175650319.38
"2025-04-07 17:00:00";79218.47385977911;48314590748.66
"2025-04-14 17:00:00";84539.69278498102;28040322884.75
"2025-04-21 17:00:00";87521.87117346626;55899038455.73
"2025-04-28 17:00:00";94981.8613835771;25806129920.72
"2025-05-05 17:00:00";94748.3862881353;26551275826.73
"2025-05-12 17:00:00";102812.4924643175;52608876410.39
"2025-05-19 17:00:00";105605.4091445749;36515726122.09
"2025-05-26 17:00:00";109440.40947802029;57450176271.9
"2025-06-02 17:00:00";105888.47353471695;46196508367.02
"2025-06-09 17:00:00";110295.68765348828;54700101508.91
"2025-06-16 17:00:00";106794.12090510911;55964092175.52
"2025-06-23 17:00:00";105571.51776481187;48822986421.13
"2025-06-30 17:00:00";107144.38264374454;44110692246.89
"2025-07-07 17:00:00";108298.22897458007;44282204126.95
"2025-07-14 17:00:00";119853.8484758277;98321661180.6
"2025-07-21 17:00:00";117426.49815339924;79217583118.49
"2025-07-28 17:00:00";117938.58435927652;68463107433.08
"2025-08-04 17:00:00";115072.18455774228;61039182286.4
"2025-08-11 17:00:00";118717.66244795622;72803657984.3
"2025-08-18 17:00:00";116241.8565498179;71657600352.99
"2025-08-25 17:00:00";110124.10542833657;69396320316.88
"2025-09-01 17:00:00";109243.06732745918;74776999490.97
"2025-09-08 17:00:00";112077.57727371356;45984480722.09
"2025-09-15 17:00:00";115423.7546416593;45781744592.98
"2025-09-22 17:00:00";112757.4755546424;47211853278.67
"2025-09-29 17:00:00";114396.52024059923;58986330258.25
"2025-10-06 17:00:00";124752.13972365468;76149412513.03
"2025-10-13 17:00:00";115264.87901525266;92212917403.23
"2025-10-20 17:00:00";110587.62993625201;101194375480.17
"2025-10-27 17:00:00";114129.08913002364;64528066504.07
"2025-11-03 16:00:00";106541.4220011707;110967184772.86
"2025-11-10 16:00:00";105996.85749132905;71130078574.37
"2025-11-17 16:00:00";92094.53304985347;101333569061.99
"2025-11-24 16:00:00";88269.95786784783;64837343544.92
"2025-12-01 16:00:00";86322.53807309545;78546798211.05
"2025-12-08 16:00:00";90639.7033439281;66861721440.1
"2025-12-15 16:00:00";86424.40704477266;41262178222.6
"2025-12-22 16:00:00";88490.02830520387;43683011532.93
"2025-12-29 16:00:00";87134.35223641338;35586356224.95
"2026-01-05 16:00:00";93876.94843131496;52430605256.81
"2026-01-12 16:00:00";91185.33876618276;54980674354.18
"2026-01-19 16:00:00";92553.59917680483;53072968030.62
"2026-01-26 16:00:00";88257.47375154609;38744942267.49
"2026-02-02 16:00:00";78693.5093559109;68249110822.41
"2026-02-09 16:00:00";70137.38829473655;40593063076.57
"2026-02-16 16:00:00";68843.09000342741;34866936040.44
"2026-02-23 16:00:00";64616.01740778363;40849331086.22
"2026-03-02 16:00:00";68785.0748091642;47947999048.51
"2026-03-09 17:00:00";68402.71643753159;54003996095.67
"2026-03-16 17:00:00";74855.29555070706;49500721728.03
"2026-03-23 17:00:00";70912.6724228729;40181522399.46
"2026-03-30 17:00:00";66694.58689747466;42997691338.41
"2026-04-06 17:00:00";68859.37666118845;44650511480.43
"2026-04-08 10:17:00";71788.85917470357;54623642140.387474